SET @OLD_UNIQUE_CHECK=@@UNIQUE_CHECK, UNIQUE_CHECK=0;
SET @OLD_FOREIGN_KEY_CHECK=@@FOREIGN_KEY_CHECK, FOREIGN_KEY_CHECK=0;

USE `sales_data_sample`;

CREATE TABLE IF NOT EXISTS `sales_data_sample`.`product_hierarchy` (
  `product_id` INT(255) NOT NULL AUTO_INCREMENT,
  `product_length` VARCHAR(1024) NULL,
  `product_depth` VARCHAR(1024) NULL,
  `product_width` VARCHAR(1024) NULL,
  `cluster_id` VARCHAR(1024) NULL,
  `hierarchy1_id` VARCHAR(1024) NULL,
  `hierarchy2_id` VARCHAR(1024) NULL,
  `hierarchy3_id` VARCHAR(1024) NULL,
  `hierarchy4_id` VARCHAR(1024) NULL,
  `hierarchy5_id` VARCHAR(1024) NULL,
  PRIMARY KEY (`product_id`)
)
ENGINE = InnoDB
DEFAULT CHARACTER SET = utf8;

INSERT INTO `product_hierarchy` VALUE
('0000','5.0','20.0','12.0','','H00','H0004','H000401','H00040105','H0004010534'),
('0001','13.5','22.0','20.0','cluter_5','H01','H0105','H010501','H01050100','H0105010006'),
('0002','22.0','40.0','22.0','cluter_0','H03','H0315','H031508','H03150800','H0315080028'),
('0004','2.0','13.0','4.0','cluter_3','H03','H0314','H031405','H03140500','H0314050003'),
('0005','16.0','30.0','16.0','cluter_9','H03','H0312','H031211','H03121109','H0312110917'),
('0006','8.5','15.0','15.0','cluter_0','H03','H0316','H031608','H03160817','H0316081708'),
('0007','2.0','22.0','9.5','cluter_4','H03','H0313','H031305','H03130519','H0313051904'),
('0008','5.0','16.0','5.0','cluter_0','H00','H0000','H000004','H00000400','H0000040017'),
('0009','5.0','18.0','14.0','cluter_6','H00','H0002','H000201','H00020100','H0002010012'),
('0010','2.0','22.0','3.0','cluter_0','H01','H0108','H010801','H01080109','H0108010917'),
('0011','9.0','22.0','15.0','cluter_0','H03','H0315','H031506','H03150612','H0315061202'),
('0012','10.0','20.0','12.3','cluter_0','H01','H0107','H010702','H01070210','H0107021001'),
('0013','7.1','27.5','13.7','','H01','H0105','H010503','H01050309','H0105030906'),
('0014','32.5','6.0','33.0','cluter_0','H03','H0313','H031302','H03130205','H0313020501'),
('0015','10.0','33.0','10.0','cluter_1','H00','H0000','H000003','H00000309','H0000030901'),
('0016','2.0','18.0','8.0','cluter_0','H00','H0004','H000401','H00040105','H0004010512'),
('0017','8.0','28.0','8.0','cluter_6','H00','H0000','H000003','H00000310','H0000031001'),
('0018','1.0','14.0','11.0','cluter_4','H00','H0003','H000316','H00031609','H0003160922'),
('0019','1.5','42.0','32.0','cluter_0','H03','H0312','H031201','H03120100','H0312010004'),
('0020','5.0','28.0','16.0','cluter_0','H03','H0311','H031109','H03110901','H0311090101'),
('0021','8.0','26.0','23.0','cluter_0','H03','H0313','H031302','H03130210','H0313021002'),
('0022','5.7','18.6','10.1','cluter_0','H01','H0108','H010809','H01080900','H0108090012'),
('0023','1.0','1.0','1.0','','H00','H0004','H000403','H00040305','H0004030536'),
('0024','1.0','23.0','16.0','cluter_0','H03','H0314','H031404','H03140407','H0314040701'),
('0025','33.0','6.0','20.0','cluter_0','H03','H0312','H031207','H03120710','H0312071003'),
('0026','4.0','22.0','16.0','cluter_6','H00','H0002','H000201','H00020105','H0002010522'),
('0027','5.0','28.0','16.0','cluter_0','H03','H0311','H031108','H03110805','H0311080502'),
('0028','3.4','11.3','12.0','cluter_0','H03','H0313','H031302','H03130210','H0313021001'),
('0029','2.5','18.0','8.0','cluter_0','H03','H0315','H031504','H03150411','H0315041131'),
('0030','9.0','9.0','37.0','cluter_0','H03','H0312','H031205','H03120508','H0312050800'),
('0031','','','','cluter_0','H00','H0004','H000402','H00040212','H0004021202'),
('0032','5.0','12.0','4.0','cluter_0','H03','H0312','H031207','H03120710','H0312071025'),
('0033','5.0','28.0','16.0','cluter_0','H03','H0311','H031109','H03110900','H0311090001'),
('0035','3.0','17.0','12.5','cluter_7','H00','H0003','H000311','H00031100','H0003110017'),
('0036','6.0','20.0','10.0','cluter_9','H00','H0004','H000401','H00040105','H0004010539'),
('0037','3.5','10.5','3.5','cluter_0','H01','H0108','H010809','H01080913','H0108091301'),
('0038','5.0','21.5','5.0','cluter_0','H01','H0108','H010805','H01080500','H0108050033'),
('0039','11.5','28.0','27.0','cluter_9','H01','H0105','H010501','H01050100','H0105010012'),
('0040','7.0','26.5','7.0','','H03','H0312','H031204','H03120400','H0312040000'),
('0041','5.0','28.0','16.0','cluter_6','H03','H0311','H031109','H03110900','H0311090001'),
('0042','1.0','16.0','10.0','cluter_0','H01','H0108','H010811','H01081100','H0108110043'),
('0043','3.5','23.0','32.0','cluter_0','H03','H0317','H031702','H03170212','H0317021212'),
('0044','1.0','10.0','5.0','cluter_0','H03','H0315','H031504','H03150411','H0315041121'),
('0045','3.0','17.0','12.5','cluter_3','H00','H0003','H000311','H00031100','H0003110012'),
('0046','1.7','11.1','9.6','cluter_0','H01','H0108','H010809','H01080900','H0108090006'),
('0047','5.0','28.0','16.0','cluter_0','H03','H0311','H031109','H03110900','H0311090002'),
('0048','29.3','14.7','19.8','cluter_0','H01','H0107','H010702','H01070212','H0107021201'),
('0049','2.0','40.0','10.0','cluter_0','H03','H0313','H031305','H03130518','H0313051829'),
('0050','6.9','6.0','6.9','cluter_9','H01','H0108','H010808','H01080815','H0108081512'),
('0051','1.7','17.5','4.5','cluter_7','H00','H0003','H000314','H00031409','H0003140912'),
('0053','5.0','40.0','40.0','cluter_3','H03','H0311','H031101','H03110101','H0311010124'),
('0054','8.5','14.6','8.5','cluter_9','H00','H0002','H000201','H00020110','H0002011001'),
('0055','2.3','18.5','13.5','cluter_0','H00','H0003','H000311','H00031109','H0003110906'),
('0056','','12.0','10.0','','H03','H0314','H031401','H03140102','H0314010203'),
('0057','4.0','22.0','9.0','cluter_0','H01','H0108','H010807','H01080709','H0108070901'),
('0058','3.0','21.0','8.0','cluter_0','H00','H0004','H000401','H00040100','H0004010017'),
('0059','9.1','29.7','13.2','cluter_0','H01','H0105','H010501','H01050105','H0105010506'),
('0060','7.5','20.5','5.4','cluter_0','H01','H0106','H010600','H01060013','H0106001333'),
('0061','9.3','32.0','19.2','cluter_9','H01','H0105','H010501','H01050114','H0105011401'),
('0062','','','','cluter_0','H03','H0312','H031205','H03120507','H0312050709'),
('0063','7.5','7.5','7.5','cluter_9','H03','H0312','H031201','H03120100','H0312010012'),
('0064','7.0','10.0','7.0','cluter_0','H00','H0004','H000401','H00040105','H0004010517'),
('0065','8.5','33.0','32.0','cluter_0','H03','H0313','H031302','H03130209','H0313020905'),
('0066','0.3','15.5','8.5','cluter_0','H03','H0313','H031305','H03130515','H0313051502'),
('0067','5.4','20.5','7.5','cluter_4','H01','H0106','H010600','H01060013','H0106001333'),
('0068','13.0','9.0','13.0','cluter_8','H00','H0000','H000003','H00000300','H0000030001'),
('0069','3.0','12.0','8.5','cluter_0','H03','H0312','H031201','H03120101','H0312010130'),
('0070','8.7','14.0','8.7','cluter_0','H00','H0002','H000201','H00020100','H0002010001'),
('0071','4.9','16.5','6.5','cluter_0','H01','H0108','H010807','H01080700','H0108070022'),
('0072','3.0','12.0','12.0','cluter_0','H03','H0314','H031402','H03140200','H0314020001'),
('0073','2.0','30.0','30.0','cluter_5','H03','H0312','H031204','H03120400','H0312040006'),
('0074','9.0','6.0','9.0','','H00','H0004','H000402','H00040212','H0004021202'),
('0075','6.0','26.7','26.0','cluter_0','H03','H0313','H031302','H03130200','H0313020001'),
('0076','2.0','10.0','2.0','cluter_0','H03','H0313','H031309','H03130900','H0313090044'),
('0077','3.0','23.5','17.0','cluter_0','H03','H0311','H031110','H03111000','H0311100003'),
('0078','7.5','11.5','7.5','cluter_2','H00','H0003','H000312','H00031205','H0003120501'),
('0079','2.0','13.0','6.0','cluter_5','H00','H0003','H000316','H00031600','H0003160001'),
('0080','2.0','24.0','2.0','cluter_0','H03','H0312','H031204','H03120400','H0312040003'),
('0082','3.4','17.6','8.1','cluter_0','H01','H0108','H010803','H01080311','H0108031101'),
('0083','2.2','7.7','10.6','cluter_6','H00','H0002','H000201','H00020109','H0002010901'),
('0084','4.0','14.0','12.0','cluter_0','H03','H0313','H031302','H03130209','H0313020901'),
('0085','12.0','26.0','11.0','cluter_0','H03','H0312','H031207','H03120710','H0312071015'),
('0086','39.0','34.0','49.0','','H03','H0315','H031508','H03150800','H0315080029'),
('0087','2.0','5.7','19.0','cluter_4','H00','H0003','H000312','H00031200','H0003120002'),
('0088','18.0','24.0','8.0','cluter_9','H00','H0002','H000200','H00020009','H0002000926'),
('0089','2.0','15.0','8.0','cluter_0','H03','H0315','H031512','H03151215','H0315121500'),
('0090','1.0','5.0','6.0','cluter_0','H03','H0312','H031211','H03121109','H0312110917'),
('0091','2.0','27.0','21.0','cluter_0','H03','H0313','H031307','H03130700','H0313070019'),
('0092','6.0','15.0','8.0','cluter_6','H00','H0001','H000102','H00010210','H0001021022'),
('0093','7.0','18.0','7.0','cluter_0','H00','H0001','H000101','H00010105','H0001010512'),
('0094','3.8','14.3','3.8','cluter_0','H01','H0108','H010807','H01080700','H0108070032'),
('0095','40.0','100.0','50.0','cluter_6','H03','H0314','H031401','H03140100','H0314010006'),
('0096','3.4','14.5','4.4','cluter_0','H01','H0108','H010811','H01081100','H0108110038'),
('0097','1.0','19.2','9.0','cluter_4','H00','H0003','H000315','H00031501','H0003150102'),
('0098','4.0','16.0','12.5','cluter_0','H03','H0313','H031302','H03130215','H0313021507'),
('0099','3.0','11.3','10.0','cluter_0','H03','H0313','H031302','H03130210','H0313021001'),
('0100','2.0','27.0','21.0','cluter_0','H03','H0313','H031307','H03130700','H0313070009'),
('0101','4.5','17.6','4.5','cluter_0','H01','H0108','H010805','H01080500','H0108050033'),
('0102','7.0','27.0','40.0','cluter_0','H03','H0313','H031302','H03130200','H0313020001'),
('0103','9.0','30.0','9.0','cluter_0','H00','H0000','H000003','H00000300','H0000030001'),
('0104','3.0','20.0','11.0','cluter_0','H03','H0311','H031111','H03111101','H0311110124'),
('0105','11.0','13.0','16.0','cluter_0','H03','H0312','H031206','H03120610','H0312061042'),
('0108','10.0','25.0','32.0','cluter_0','H03','H0313','H031302','H03130205','H0313020501'),
('0109','7.0','18.0','11.0','cluter_0','H01','H0107','H010700','H01070009','H0107000922'),
('0110','6.2','16.8','6.2','cluter_0','H00','H0000','H000004','H00000405','H0000040501'),
('0111','7.8','9.5','9.4','cluter_0','H00','H0001','H000105','H00010500','H0001050017'),
('0112','17.5','9.5','24.0','cluter_0','H03','H0314','H031401','H03140102','H0314010203'),
('0113','2.0','17.0','6.0','cluter_0','H03','H0315','H031504','H03150411','H0315041140'),
('0114','2.0','7.5','9.0','cluter_0','H00','H0003','H000312','H00031209','H0003120906'),
('0115','3.0','14.0','5.5','cluter_0','H00','H0001','H000105','H00010500','H0001050001'),
('0116','0.5','14.0','6.0','cluter_3','H00','H0002','H000200','H00020009','H0002000926'),
('0117','5.0','10.8','5.6','cluter_0','H01','H0108','H010805','H01080500','H0108050006'),
('0118','5.0','28.0','16.0','','H03','H0311','H031109','H03110900','H0311090001'),
('0119','15.0','15.0','15.0','cluter_0','H00','H0000','H000003','H00000300','H0000030001'),
('0122','5.0','28.0','16.0','cluter_6','H03','H0311','H031109','H03110900','H0311090001'),
('0123','5.5','22.5','19.0','','H03','H0313','H031302','H03130210','H0313021002'),
('0124','17.0','24.0','17.0','cluter_0','H03','H0317','H031702','H03170212','H0317021212'),
('0125','2.0','5.0','9.0','cluter_5','H00','H0003','H000316','H00031600','H0003160001'),
('0126','4.0','16.0','5.0','cluter_0','H01','H0108','H010807','H01080709','H0108070906'),
('0127','10.0','30.0','20.0','cluter_0','H03','H0311','H031101','H03110104','H0311010424'),
('0128','9.0','14.0','9.0','cluter_0','H03','H0312','H031207','H03120710','H0312071013'),
('0129','22.2','22.2','44.4','cluter_0','H01','H0107','H010701','H01070110','H0107011026'),
('0130','2.5','17.0','13.0','cluter_0','H03','H0313','H031303','H03130302','H0313030205'),
('0131','1.0','12.0','11.0','cluter_6','H00','H0003','H000316','H00031609','H0003160922'),
('0132','5.0','28.0','16.0','cluter_0','H03','H0311','H031109','H03110901','H0311090103'),
('0133','9.0','28.0','20.0','','H03','H0313','H031303','H03130302','H0313030201'),
('0134','6.0','30.0','10.0','cluter_0','H03','H0314','H031405','H03140500','H0314050003'),
('0135','3.0','15.0','55.0','cluter_0','H03','H0315','H031506','H03150612','H0315061244'),
('0136','3.3','25.9','8.5','cluter_0','H01','H0108','H010801','H01080110','H0108011006'),
('0137','23.6','24.1','8.3','cluter_0','H03','H0315','H031502','H03150200','H0315020035'),
('0138','5.0','47.0','28.5','cluter_3','H03','H0312','H031205','H03120507','H0312050709'),
('0139','4.0','17.0','11.0','','H03','H0315','H031506','H03150612','H0315061202'),
('0140','2.0','27.0','21.0','cluter_0','H03','H0313','H031307','H03130700','H0313070008'),
('0141','6.0','20.0','12.0','cluter_6','H00','H0001','H000102','H00010210','H0001021017'),
('0142','7.0','12.0','12.0','cluter_0','H03','H0311','H031109','H03110900','H0311090001'),
('0143','3.0','26.0','13.0','cluter_0','H03','H0311','H031113','H03111305','H0311130529'),
('0144','4.5','21.0','14.3','cluter_3','H00','H0003','H000311','H00031100','H0003110006'),
('0145','4.0','12.5','4.0','cluter_0','H00','H0001','H000105','H00010500','H0001050001'),
('0146','3.6','3.5','20.0','cluter_0','H03','H0312','H031205','H03120507','H0312050709'),
('0147','12.5','37.0','12.5','cluter_9','H01','H0106','H010601','H01060112','H0106011202'),
('0148','6.0','7.0','12.2','cluter_0','H00','H0002','H000200','H00020000','H0002000032'),
('0149','1.8','5.5','16.3','cluter_8','H00','H0003','H000312','H00031205','H0003120506'),
('0150','6.0','14.0','14.0','cluter_0','H03','H0313','H031302','H03130209','H0313020905'),
('0151','2.0','15.0','11.5','cluter_0','H01','H0108','H010806','H01080600','H0108060006'),
('0152','5.0','19.0','13.0','cluter_0','H00','H0003','H000312','H00031200','H0003120001'),
('0154','3.0','20.0','12.0','cluter_6','H00','H0001','H000105','H00010500','H0001050017'),
('0155','','','','cluter_0','H00','H0004','H000402','H00040212','H0004021201'),
('0156','5.0','20.0','8.0','cluter_0','H01','H0108','H010806','H01080600','H0108060006'),
('0157','6.0','6.0','15.0','cluter_2','H00','H0003','H000312','H00031200','H0003120002'),
('0158','15.0','8.0','2.0','cluter_0','H03','H0313','H031305','H03130518','H0313051830'),
('0159','20.0','28.0','25.0','cluter_0','H03','H0311','H031108','H03110801','H0311080102'),
('0160','30.0','1.0','21.0','cluter_0','H03','H0313','H031305','H03130520','H0313052008'),
('0161','7.0','6.0','7.0','cluter_0','H01','H0108','H010808','H01080815','H0108081512'),
('0162','2.0','8.8','3.6','cluter_0','H01','H0108','H010810','H01081009','H0108100901');




CREATE TABLE IF NOT EXISTS `sales_data_sample`.`store_cities` (
  `store_id` INT(11) NOT NULL AUTO_INCREMENT,
  `storetype_id` VARCHAR(1024) NULL,
  `store_size` BIGINT NULL,
  `city_id` VARCHAR(1024) NULL,
  PRIMARY KEY (`store_id`)
)
ENGINE = InnoDB
DEFAULT CHARACTER SET = utf8;

INSERT INTO `store_cities` VALUE
('0091','T04',19,'C013'),
('0012','T04',28,'C005'),
('0045','T04',17,'C008'),
('0032','T03',14,'C019'),
('0027','T04',24,'C022'),
('0088','T04',20,'C009'),
('0095','T02',44,'C014'),
('0055','T04',24,'C014'),
('0099','T03',14,'C014'),
('0078','T04',19,'C036'),
('0006','T03',8,'C024'),
('0135','T03',16,'C035'),
('0066','T04',47,'C033'),
('0106','T04',21,'C031'),
('0112','T04',46,'C031'),
('0059','T03',15,'C014'),
('0129','T04',18,'C021'),
('0116','T03',15,'C031'),
('0098','T03',15,'C022'),
('0049','T04',25,'C031'),
('0144','T04',21,'C022'),
('0097','T04',45,'C014'),
('0130','T03',17,'C037'),
('0041','T03',8,'C013'),
('0142','T04',31,'C006'),
('0123','T04',20,'C021'),
('0007','T03',16,'C014'),
('0107','T04',19,'C014'),
('0036','T04',21,'C001'),
('0044','T03',6,'C022'),
('0052','T04',17,'C014'),
('0101','T04',30,'C026'),
('0043','T04',37,'C025'),
('0141','T03',12,'C005'),
('0040','T04',42,'C017'),
('0037','T04',18,'C035'),
('0140','T03',16,'C022'),
('0016','T03',11,'C014'),
('0009','T03',13,'C020'),
('0074','T03',12,'C022'),
('0128','T03',13,'C022'),
('0105','T04',25,'C032'),
('0053','T03',11,'C031'),
('0011','T03',15,'C031'),
('0070','T04',24,'C030'),
('0084','T04',19,'C022'),
('0017','T04',27,'C030'),
('0113','T04',25,'C024'),
('0119','T03',15,'C031'),
('0089','T03',18,'C014'),
('0068','T03',14,'C003'),
('0103','T04',22,'C022'),
('0087','T04',23,'C031'),
('0029','T03',15,'C022'),
('0008','T04',27,'C024'),
('0046','T04',26,'C017'),
('0120','T03',16,'C014'),
('0092','T04',23,'C005'),
('0108','T04',35,'C016'),
('0124','T03',15,'C030'),
('0133','T04',24,'C028'),
('0131','T04',22,'C012'),
('0080','T03',14,'C014'),
('0014','T03',14,'C014'),
('0075','T03',12,'C024'),
('0048','T01',83,'C031'),
('0073','T04',19,'C014'),
('0002','T04',39,'C007'),
('0063','T04',23,'C033'),
('0004','T04',20,'C022'),
('0122','T04',23,'C008'),
('0020','T04',36,'C014'),
('0094','T04',45,'C006'),
('0082','T04',23,'C024'),
('0132','T04',31,'C011'),
('0085','T01',60,'C014'),
('0035','T04',17,'C022'),
('0125','T04',24,'C022'),
('0100','T03',18,'C030'),
('0033','T03',16,'C025'),
('0115','T04',45,'C020'),
('0102','T04',27,'C018'),
('0136','T03',12,'C005'),
('0096','T04',30,'C029'),
('0072','T04',29,'C014'),
('0021','T03',15,'C024'),
('0079','T03',15,'C028'),
('0031','T04',41,'C036'),
('0018','T04',27,'C029'),
('0090','T02',28,'C036'),
('0110','T04',40,'C025'),
('0067','T04',16,'C014'),
('0061','T04',35,'C019'),
('0076','T03',11,'C014'),
('0023','T04',31,'C008'),
('0083','T04',23,'C010'),
('0109','T04',20,'C005'),
('0057','T03',16,'C034'),
('0062','T04',47,'C014'),
('0104','T04',47,'C002'),
('0071','T04',32,'C014'),
('0060','T04',25,'C029'),
('0111','T03',17,'C022'),
('0121','T03',18,'C022'),
('0019','T03',12,'C030'),
('0047','T03',14,'C031'),
('0051','T04',39,'C027'),
('0026','T04',41,'C014'),
('0025','T04',25,'C024'),
('0015','T04',19,'C014'),
('0001','T04',41,'C031'),
('0127','T03',8,'C029'),
('0126','T04',34,'C014'),
('0114','T03',15,'C020'),
('0117','T04',17,'C031'),
('0024','T04',26,'C022'),
('0003','T03',17,'C014'),
('0028','T01',86,'C036'),
('0077','T03',12,'C014'),
('0093','T04',16,'C022'),
('0010','T04',17,'C014'),
('0034','T03',14,'C022'),
('0022','T04',16,'C014'),
('0038','T01',63,'C004'),
('0058','T04',17,'C014'),
('0069','T02',18,'C031'),
('0143','T03',13,'C014'),
('0039','T03',15,'C014'),
('0137','T04',15,'C022'),
('0081','T03',15,'C022'),
('0065','T02',41,'C036'),
('0139','T04',20,'C035'),
('0054','T03',15,'C022'),
('0030','T03',13,'C006'),
('0056','T04',42,'C015'),
('0138','T04',30,'C022'),
('0050','T04',31,'C014'),
('0005','T04',19,'C001'),
('0064','T03',17,'C026'),
('0013','T04',33,'C026'),
('0118','T03',20,'C023'),
('0042','T04',25,'C020'),
('0086','T03',12,'C003'),
('0134','T03',12,'C020');


CREATE TABLE IF NOT EXISTS `sales_data_sample`.`sales` (
  `product_id` INT(11) NOT NULL AUTO_INCREMENT,
  `store_id` VARCHAR(1024) NULL,
  `date` VARCHAR(1024) NULL,
  `sale` BIGINT NULL,
  `revenue` VARCHAR(1024) NULL,
  `stock` BIGINT NULL,
  `price` VARCHAR(1024) NULL,
  `promo_type_1` VARCHAR(1024) NULL,
  `promo_type_2` VARCHAR(1024) NULL,
  PRIMARY KEY (`product_id`)
)ENGINE = InnoDB
DEFAULT CHARACTER SET = utf8;

INSERT INTO `sales` VALUE
('0002','0012','1/2/17',1,'5.3',0,'6.25','R14','R03'),
('0003','0013','1/2/17',2,'10.59',0,'6.25','R14','R03'),
('0004','0023','1/2/17',0,'0',6,'6.25','R14','R03'),
('0005','0025','1/2/17',0,'0',1,'6.25','R14','R03'),
('0006','0027','1/2/17',0,'0',7,'6.25','R14','R03'),
('0007','0040','1/2/17',0,'0',19,'6.25','R14','R03'),
('0008','0049','1/2/17',0,'0',8,'6.25','R14','R03'),
('0009','0050','1/2/17',0,'0',5,'6.25','R14','R03'),
('00010','0051','1/2/17',0,'0',6,'6.25','R14','R03'),
('00011','0055','1/2/17',0,'0',6,'6.25','R14','R03'),
('00012','0056','1/2/17',1,'5.3',6,'6.25','R14','R03'),
('00013','0062','1/2/17',0,'0',2,'6.25','R14','R03'),
('00014','0063','1/2/17',0,'0',7,'6.25','R14','R03'),
('00015','0066','1/2/17',0,'0',1,'6.25','R14','R03'),
('00016','0078','1/2/17',0,'0',6,'6.25','R14','R03'),
('00017','0082','1/2/17',0,'0',4,'6.25','R14','R03'),
('00018','0083','1/2/17',0,'0',10,'6.25','R14','R03'),
('00019','0087','1/2/17',0,'0',10,'6.25','R14','R03'),
('00020','0094','1/2/17',0,'0',6,'6.25','R14','R03'),
('00021','0096','1/2/17',0,'0',2,'6.25','R14','R03'),
('00022','0102','1/2/17',0,'0',7,'6.25','R14','R03'),
('00023','0103','1/2/17',1,'5.3',10,'6.25','R14','R03'),
('00024','0104','1/2/17',0,'0',22,'6.25','R14','R03'),
('00025','0105','1/2/17',0,'0',6,'6.25','R14','R03'),
('00026','0106','1/2/17',1,'5.3',3,'6.25','R14','R03'),
('00027','0107','1/2/17',0,'0',2,'6.25','R14','R03'),
('00028','0108','1/2/17',0,'0',7,'6.25','R14','R03'),
('00029','0110','1/2/17',0,'0',1,'6.25','R14','R03'),
('00030','0115','1/2/17',0,'0',1,'6.25','R14','R03'),
('00031','0122','1/2/17',0,'0',1,'6.25','R14','R03'),
('00032','0125','1/2/17',0,'0',7,'6.25','R14','R03'),
('00033','0131','1/2/17',0,'0',2,'6.25','R14','R03'),
('00034','0132','1/2/17',0,'0',5,'6.25','R14','R03'),
('00035','0142','1/2/17',0,'0',1,'6.25','R14','R03'),
('00040','0006','1/2/17',0,'0',18,'4.5','R14','R03'),
('00041','0019','1/2/17',0,'0',2,'4.5','R14','R03'),
('00042','0038','1/2/17',0,'0',2,'4.5','R14','R03'),
('00043','0044','1/2/17',1,'3.81',7,'4.5','R14','R03'),
('00044','0085','1/2/17',0,'0',29,'4.5','R14','R03'),
('00050','0001','1/2/17',0,'0',7,'33.9','R14','R03'),
('00051','0002','1/2/17',0,'0',11,'33.9','R14','R03'),
('00052','0008','1/2/17',0,'0',3,'33.9','R14','R03'),
('00053','0012','1/2/17',0,'0',6,'33.9','R14','R03'),
('00054','0013','1/2/17',0,'0',11,'33.9','R14','R03'),
('00055','0020','1/2/17',0,'0',3,'33.9','R14','R03'),
('00056','0023','1/2/17',0,'0',3,'33.9','R14','R03'),
('00057','0024','1/2/17',0,'0',3,'33.9','R14','R03'),
('00058','0026','1/2/17',0,'0',4,'33.9','R14','R03'),
('00059','0031','1/2/17',0,'0',7,'33.9','R14','R03'),
('00061','0038','1/2/17',0,'0',2,'33.9','R14','R03'),
('00062','0040','1/2/17',0,'0',7,'33.9','R14','R03'),
('00063','0043','1/2/17',0,'0',7,'33.9','R14','R03'),
('00064','0050','1/2/17',0,'0',5,'33.9','R14','R03'),
('00065','0051','1/2/17',0,'0',4,'33.9','R14','R03'),
('00066','0056','1/2/17',0,'0',4,'33.9','R14','R03'),
('00067','0065','1/2/17',0,'0',4,'33.9','R14','R03'),
('00068','0066','1/2/17',0,'0',6,'33.9','R14','R03'),
('00069','0085','1/2/17',0,'0',17,'33.9','R14','R03'),
('00070','0087','1/2/17',0,'0',4,'33.9','R14','R03'),
('00071','0097','1/2/17',0,'0',6,'33.9','R14','R03'),
('00072','0102','1/2/17',0,'0',4,'33.9','R14','R03'),
('00073','0104','1/2/17',0,'0',3,'33.9','R14','R03'),
('00074','0108','1/2/17',0,'0',5,'33.9','R14','R03'),
('00075','0110','1/2/17',0,'0',7,'33.9','R14','R03'),
('00076','0113','1/2/17',0,'0',5,'33.9','R14','R03'),
('00077','0132','1/2/17',0,'0',5,'33.9','R14','R03'),
('00078','0138','1/2/17',0,'0',5,'33.9','R14','R03'),
('00079','0142','1/2/17',0,'0',2,'33.9','R14','R03'),
('0080','0001','1/2/17',0,'0',10,'49.9','R14','R03'),
('0081','0002','1/2/17',0,'0',9,'49.9','R14','R03'),
('0082','0013','1/2/17',0,'0',4,'49.9','R14','R03'),
('0083','0038','1/2/17',0,'0',9,'49.9','R14','R03'),
('0084','0040','1/2/17',0,'0',4,'49.9','R14','R03'),
('0085','0043','1/2/17',0,'0',2,'49.9','R14','R03'),
('0086','0056','1/2/17',0,'0',4,'49.9','R14','R03'),
('0087','0066','1/2/17',0,'0',5,'49.9','R14','R03'),
('0088','0085','1/2/17',0,'0',1,'49.9','R14','R03'),
('0089','0094','1/2/17',0,'0',3,'49.9','R14','R03'),
('0090','0104','1/2/17',0,'0',8,'49.9','R14','R03'),
('0091','0108','1/2/17',0,'0',8,'49.9','R14','R03'),
('0092','0115','1/2/17',0,'0',2,'49.9','R14','R03'),
('0093','0132','1/2/17',0,'0',9,'49.9','R14','R03'),
('0094','0085','1/2/17',0,'0',1,'59.99','R14','R03'),
('0095','0097','1/2/17',0,'0',1,'59.99','R14','R03'),
('0096','0001','1/2/17',1,'2.41',20,'2.6','R14','R03'),
('0097','0002','1/2/17',1,'2.41',19,'2.6','R14','R03'),
('0098','0003','1/2/17',0,'0',5,'2.6','R14','R03'),
('0099','0004','1/2/17',0,'0',11,'2.6','R14','R03')



